country,pop,urb,gdp,dist,hf,pf,ef,date_first,detection,status,cumul,air,datetime,cases,Cumulative_number_for_14_days_of_COVID-19_cases_per_100000,china_start,start_date,corona_converge_days
Albania,2866376,60.319,13364.1553966514,6996524.04325358,7.84,8.00541145680106,7.67,70,74.3,1,108641,303.14,2020-07-12,93,36.36773968,2019-12-30,2020-03-09,125
Algeria,42228429,72.629,15481.7876195754,9108277.13968971,4.99,5.20148916478469,4.77,58,12.0,1,80272,6442.44,2020-07-12,904,13.34167839,2019-12-30,2020-02-26,137
Angola,30809762,65.514,6452.35516529031,10490119.7239468,5.4,5.97993573267135,4.83,83,17.9,1,303691,76.94,2020-07-11,62,0.77296996,2019-12-30,2020-03-22,111
Argentina,44494502,91.87,20610.5685495282,19025623.9347765,6.86,8.04459987312997,5.67,65,74.9,1,92122,1516.63,2020-07-11,3367,92.90391447,2019-12-30,2020-03-04,129
Armenia,2951776,63.149,10343.1755901515,5064044.11519875,7.42,7.14501743438029,7.7,62,60.8,1,86276,,2020-06-28,736,292.14992048,2019-12-30,2020-03-01,119
Australia,24992369,86.012,51663.3650948449,7608913.27218058,8.62,9.16053274787732,8.07,26,97.3,1,1347,75667.65,2020-04-04,324,18.54526409,2019-12-30,2020-01-25,70
Austria,8847037,58.297,55454.689293289,7103537.08794164,8.48,9.24568542511029,7.71,58,73.2,1,80272,12935.5,2020-04-02,529,102.3279178,2019-12-30,2020-02-26,36
Azerbaijan,9942334,55.68,18044.1367837983,4849216.58472583,6.22,6.10466078962042,6.34,61,45.0,1,84456,2279.55,2020-07-04,583,79.00300556,2019-12-30,2020-02-29,126
Bahamas,385640,83.025,32087.7291547443,13276138.2010747,7.56,7.87120451262738,7.25,77,21.8,1,166430,1197.12,2020-04-14,2,8.98620233,2019-12-30,2020-03-16,29
Bahrain,1569439,89.287,47303.0485062895,5138295.48180704,6.63,5.91089540336499,7.35,56,45.8,1,78620,5877.0,2020-07-06,510,463.26875315,2019-12-30,2020-02-24,133
Bangladesh,161356039,36.632,4371.75498582046,1918841.17627307,5.77,5.36557341990744,6.18,70,50.9,1,108641,5984.16,2020-06-30,4014,31.39110784,2019-12-30,2020-03-09,113
Barbados,286641,31.147,18554.1292823844,14231259.5964516,7.02,7.5897524132377,6.45,79,19.1,1,193797,,2020-04-09,0,15.67829532,2019-12-30,2020-03-18,22
Belarus,9485386,78.595,19994.8040788005,5952246.04342594,6.65,6.65902816339645,6.64,60,28.9,1,82624,2760.17,2020-05-26,946,140.04895472,2019-12-30,2020-02-28,88
Belgium,11422068,98.001,51407.9983373414,7548353.77292663,8.29,9.06769485133166,7.51,36,62.5,1,20605,13639.49,2020-04-12,1023,182.62812885,2019-12-30,2020-02-04,68
Belize,383071,45.724,8648.08879957291,13910731.5745554,6.95,7.11836383560218,6.78,85,30.4,1,376057,1297.53,2020-04-17,0,3.84269542,2019-12-30,2020-03-24,24
Benin,11485048,47.312,2424.75584480555,10389512.3561201,6.77,7.46938687734047,6.08,78,24.2,1,179092,0.9,2020-06-28,71,6.0333098,2019-12-30,2020-03-17,103
Bhutan,754394,40.895,10167.934056686,1621387.57907881,6.53,6.28627999701272,6.77,67,42.8,1,97277,275.85,2020-06-11,3,4.45554545,2019-12-30,2020-03-06,97
Bolivia,11353142,69.425,7873.16624301,17534517.0358156,6.61,7.07482557028916,6.14,73,33.1,1,124464,4122.11,2020-07-12,1635,143.52343964,2019-12-30,2020-03-12,122
Bosnia and Herzegovina,3323929,48.245,14623.6740532923,7016980.54945873,7.37,8.04034814110701,6.69,67,41.7,1,97277,7.07,2020-07-11,316,74.76526796,2019-12-30,2020-03-06,127
Botswana,2254126,69.446,18615.7933362283,10611680.0071401,7.17,6.97008445279206,7.37,93,28.2,1,847716,253.42,2020-07-10,0,9.76688401,2019-12-30,2020-04-01,100
Brazil,209469333,86.569,16096.4009621464,16335605.8343072,6.48,6.73992327083246,6.23,58,82.4,1,80272,102109.98,2020-07-10,42619,250.01952267,2019-12-30,2020-02-26,135
Brunei,428962,77.629,80920.0486841005,3719565.9810648,5.69,4.76090202805466,6.62,71,30.5,1,113067,1234.45,2020-03-25,13,23.77127876,2019-12-30,2020-03-10,15
Bulgaria,7024216,75.008,21960.3699424605,6532153.60315717,7.79,8.03554146168823,7.54,69,53.3,1,104776,1022.64,2020-07-10,330,32.34267695,2019-12-30,2020-03-08,124
Burkina Faso,19751535,29.358,1984.8843059546,10558297.7901032,6.73,7.38656321999061,6.07,72,33.3,1,117624,151.53,2020-04-13,13,1.5599332000000001,2019-12-30,2020-03-11,33
Burundi,11175378,13.032,744.182072008071,8810121.61734272,5.56,4.9539520520572,6.17,93,11.4,1,847716,12.0,2020-07-12,24,0.91929485,2019-12-30,2020-04-01,102
Cambodia,16249798,23.388,4360.85440445566,2643780.4426784,7.13,6.82476380475199,7.44,29,57.7,1,4580,1411.06,2020-03-28,4,0.58835867,2019-12-30,2020-01-28,60
Cameroon,25216237,56.374,3785.07997826904,9735966.77877058,5.64,5.43306421184286,5.84,68,35.6,1,101122,265.14,2020-06-15,292,15.3035275,2019-12-30,2020-03-07,100
Canada,37058856,81.411,48130.2559725043,8965621.62354283,8.65,9.2229636049021,8.08,27,96.4,1,2020,89380.0,2020-05-04,2760,66.01527603,2019-12-30,2020-01-26,99
Cape Verde,543767,65.732,7454.06391681042,12031010.9111246,7.45,7.74008475629658,7.16,82,9.3,1,269677,140.43,2020-07-06,31,102.01187047,2019-12-30,2020-03-21,107
Central African Republic,4666377,41.364,859.935619639664,8988537.03819715,5.41,5.59276449739906,5.23,77,17.7,1,166430,46.36,2020-06-18,154,28.97677833,2019-12-30,2020-03-16,94
Chad,15477751,23.059,1968.25826164116,8588724.51091001,5.46,5.49040127695032,5.42,81,36.5,1,241052,28.33,2020-05-19,16,2.52086897,2019-12-30,2020-03-20,60
Chile,18729160,87.564,25222.5277771449,19577066.2524811,8.15,8.41072554877547,7.89,65,72.7,1,92122,19517.19,2020-06-21,5355,575.15195598,2019-12-30,2020-03-04,109
Colombia,49648685,80.778,15012.9302675399,15512253.6452395,6.93,7.17622386174791,6.68,68,41.7,1,101122,33704.04,2020-07-12,4586,112.77637697,2019-12-30,2020-03-07,127
Congo,5244363,66.916,5662.06341112502,9943190.89755643,5.8,6.51634384497267,5.08,77,7.0,1,166430,333.9,2020-07-11,207,15.31455046,2019-12-30,2020-03-16,117
Costa Rica,4999441,79.34,17671.0953526733,14785886.633786,7.7,7.98976168871179,7.41,68,56.0,1,101122,1948.55,2020-07-12,386,84.23870459,2019-12-30,2020-03-07,127
Ivory Coast,25069229,50.779,4207.08693435064,11207024.5532789,6.59,7.20471504821402,5.97,73,44.5,1,124464,779.48,2020-07-03,290,15.27809675,2019-12-30,2020-03-12,113
Croatia,4089400,56.947,27579.7808327382,7071201.54771086,7.86,8.4543302341116,7.26,58,72.3,1,80272,2093.58,2020-07-12,140,25.70993017,2019-12-30,2020-02-26,137
Cyprus,1189265,66.81,38513.2845672751,6256469.38278859,7.93,8.1829629792194,7.68,71,10.5,1,113067,401.41,2020-04-12,21,49.89159709,2019-12-30,2020-03-10,33
Czech Republic,10629928,73.792,39743.5970941416,6921794.57090159,8.34,8.92216511834099,7.75,63,44.9,1,88313,5727.2,2020-04-09,295,34.34806287,2019-12-30,2020-03-02,38
Democratic Republic of the Congo,84068091,44.46,932.172006786861,9326697.36785311,5.36,5.72729740034787,5.0,72,25.1,1,117624,932.04,2020-06-30,113,2.42192216,2019-12-30,2020-03-11,111
Denmark,5797446,87.874,55671.1652650668,6950550.76625105,8.56,9.23844450574407,7.89,59,86.0,1,81363,6428.7,2020-04-12,177,65.36250528,2019-12-30,2020-02-27,45
Dominican Republic,10627165,81.074,17748.1853186175,13837190.8670075,6.95,6.98216986402105,6.92,63,37.1,1,88313,11.9,2020-07-12,6199,162.91153787,2019-12-30,2020-03-02,132
Ecuador,17084357,63.821,11734.3873890471,16104587.0464198,6.82,7.35801772088336,6.28,62,71.2,1,86276,5365.26,2020-05-05,2343,125.20680016,2019-12-30,2020-03-01,65
Egypt,98423595,42.704,12412.3094005832,6944423.12848502,4.5,3.9463345569402,5.05,47,41.5,1,66864,12340.83,2020-06-27,1625,21.36807563,2019-12-30,2020-02-15,133
El Salvador,6420744,72.023,8331.80414200319,14281002.7451918,6.89,6.62325912434746,7.16,80,73.9,1,211995,2545.11,2020-07-11,298,56.17063477,2019-12-30,2020-03-19,114
Estonia,1320884,68.88,35973.7764604798,5972791.41268157,8.46,9.02180578108812,7.89,60,77.6,1,82624,31.98,2020-04-09,36,58.95140472,2019-12-30,2020-02-28,41
Ethiopia,109224559,20.763,2022.13796136605,7146991.46193559,5.25,4.77270391186553,5.72,75,33.7,1,141965,11501.24,2020-06-21,399,2.26180299,2019-12-30,2020-03-14,99
Fiji,883483,56.248,10879.4784622426,8672803.42154847,7.17,7.60547365023136,6.74,81,16.4,1,241052,1670.22,2020-04-15,0,1.23601755,2019-12-30,2020-03-20,26
Finland,5518050,85.382,48416.93602994,5823420.856976,8.53,9.26855813809539,7.8,31,61.6,1,7815,13364.84,2020-04-18,120,33.96207882,2019-12-30,2020-01-30,79
France,66987244,80.444,45342.3957360832,8550120.85210901,8.02,8.69371619896776,7.35,26,75.3,1,1347,70188.03,2020-04-11,4342,86.12075383,2019-12-30,2020-01-25,77
Gabon,2119275,89.37,17875.7611482905,10233362.2021296,5.99,6.10279871159904,5.88,74,6.1,1,132534,77.32,2020-06-29,0,80.36535397,2019-12-30,2020-03-13,108
Gambia,2280102,61.27,2612.00099501428,11585763.489645,5.94,4.64098928424685,7.23,79,36.9,1,193797,53.73,2020-07-10,1,0.89449401,2019-12-30,2020-03-18,114
Georgia,3731000,58.632,12004.5738332821,5126951.49577755,7.74,7.53399879784852,7.94,59,75.0,1,81363,516.03,2020-04-19,18,5.77967865,2019-12-30,2020-02-27,52
Germany,82927922,77.312,53074.5401181641,7170070.51216011,8.53,9.2474907908782,7.82,29,84.6,1,4580,109796.2,2020-04-09,4974,86.35832286,2019-12-30,2020-01-28,72
Ghana,29767108,56.06,4746.68499549277,10811367.4229831,6.94,7.30413770892206,6.58,74,40.5,1,132534,467.44,2020-07-11,371,26.30033975,2019-12-30,2020-03-13,120
Greece,10727668,79.058,29592.1524196167,6874035.91085205,7.33,8.06982810045465,6.59,59,78.4,1,81363,15125.93,2020-04-05,60,10.65774114,2019-12-30,2020-02-27,38
Guatemala,17247807,51.054,8462.37400812193,14032890.6426002,7.07,6.56344914611671,7.57,76,50.0,1,153747,145.79,2020-07-12,979,69.39690388,2019-12-30,2020-03-15,119
Guinea,12414318,36.14,2504.86974463305,11454618.364191,5.61,5.36542174373669,5.86,75,57.2,1,141965,58.5,2020-05-27,83,8.96545255,2019-12-30,2020-03-14,74
Guinea-Bissau,1874309,43.36,1799.06789098093,11661098.5241841,6.07,6.90466463590915,5.23,88,23.4,1,525355,20.4,2020-05-13,59,38.88767708,2019-12-30,2020-03-27,47
Guyana,779004,26.606,8640.73737016211,15092263.5318895,6.74,7.16082174225842,6.32,74,20.3,1,132534,26.07,2020-07-06,1,11.36980614,2019-12-30,2020-03-13,115
Haiti,11123176,55.278,1866.61758904114,13850460.4521941,6.71,6.93377391161417,6.49,81,48.3,1,241052,,2020-06-12,145,22.17866003,2019-12-30,2020-03-20,84
Honduras,9587522,57.096,5138.75245733876,14212665.1562428,6.81,6.46586770578445,7.16,73,27.7,1,124464,411.99,2020-07-08,763,117.84182723,2019-12-30,2020-03-12,118
Hungary,9768785,71.351,31102.5027541193,6762925.20479092,7.65,8.0370083846272,7.27,66,55.5,1,94366,31226.85,2020-04-23,116,13.34321659,2019-12-30,2020-03-05,49
Iceland,353574,93.813,57303.060783165,7695515.51171913,8.41,9.08463423152466,7.74,61,37.2,1,84456,7819.74,2020-04-03,99,277.03779647,2019-12-30,2020-02-29,34
India,1352617328,34.03,7762.88176956734,2777278.32271492,6.64,6.36884418459407,6.91,31,47.4,1,7815,164035.64,2020-07-12,28637,23.46968916,2019-12-30,2020-01-30,164
Indonesia,267663435,55.325,13079.619296594,4514121.12060936,6.83,6.38463446010515,7.27,63,68.1,1,88313,115154.1,2020-07-12,1671,7.83591892,2019-12-30,2020-03-02,132
Iran,81800269,74.898,21011.3,4518494.36745003,5.1,4.48283671527307,5.72,52,37.7,1,75078,25604.87,2020-04-08,2089,45.56293117,2019-12-30,2020-02-20,48
Iraq,38433600,70.473,17435.8539331446,5421665.47019866,4.34,3.4678361651784,5.21,57,42.2,1,79410,2075.07,2020-07-12,2734,81.23167489,2019-12-30,2020-02-25,138
Ireland,4853506,63.17,83203.3946770927,8108624.01899954,8.52,8.90437742815292,8.13,62,78.0,1,86276,167598.63,2020-04-23,631,213.01975434,2019-12-30,2020-03-01,53
Israel,8883800,92.418,39919.1696489174,6247521.21059371,7.61,7.69532296513965,7.53,54,52.4,1,77144,7404.37,2020-07-12,1197,164.82433625,2019-12-30,2020-02-22,141
Italy,60431283,70.438,41830.4263276444,7496778.45661309,8.04,8.66515242820854,7.41,32,78.5,1,9817,27630.44,2020-04-02,4782,124.02512106,2019-12-30,2020-01-31,62
Jamaica,2934855,55.674,9326.66405867008,13946832.3129332,7.2,7.22674942597827,7.17,73,24.3,1,124464,180.95,2020-04-28,14,9.87017163,2019-12-30,2020-03-12,47
Japan,126529100,91.616,42797.4585169914,3024189.87187301,8.28,8.69917939797666,7.86,16,70.1,1,61,126387.53,2020-04-22,378,5.98295926,2019-12-30,2020-01-15,98
Jordan,9956011,90.979,9478.90458750285,6104178.95375169,6.84,6.2349621465379,7.44,64,42.9,1,89882,3383.8,2020-03-31,9,2.49463036,2019-12-30,2020-03-03,28
Kazakhstan,18276499,57.428,27879.7519462896,3235128.80298515,6.9,6.69096069079518,7.1,76,28.2,1,153747,7143.8,2020-07-12,1798,201.99523185,2019-12-30,2020-03-15,119
Kenya,51393010,27.03,3467.55647830821,7847894.52309732,6.85,6.64651008015948,7.05,75,68.6,1,141965,5935.83,2020-07-12,278,7.44665131,2019-12-30,2020-03-14,120
Kuwait,4137309,100.0,72897.562345371,5244993.06763229,6.19,5.96888120757177,6.41,56,47.5,1,78620,6464.85,2020-05-24,900,305.22379315,2019-12-30,2020-02-24,90
Kyrgyzstan,6315800,36.351,3884.70880922506,2580871.96492912,6.98,7.04588765829977,6.92,80,64.7,1,211995,709.2,2020-07-12,719,91.66360004,2019-12-30,2020-03-19,115
Laos,7061507,35.004,7439.5993595197,2001265.50192135,6.2,5.73623427069668,6.67,86,70.4,1,414875,1251.96,2020-04-13,1,0.18132478,2019-12-30,2020-03-25,19
Latvia,1926542,68.142,30304.852496882,6055295.21507112,8.29,8.84938519995849,7.73,64,97.3,1,89882,4058.76,2020-04-06,24,20.52117535,2019-12-30,2020-03-03,34
Lebanon,6848925,88.593,13081.1074629124,6057921.38514024,6.74,6.51980811550733,6.97,54,62.0,1,77144,2981.94,2020-07-12,86,6.54928615,2019-12-30,2020-02-22,141
Liberia,4818977,51.151,1308.62953596446,11608250.9377702,6.35,6.13048507740562,6.56,78,29.1,1,179092,32.0,2020-06-29,39,6.27864124,2019-12-30,2020-03-17,104
Libya,6678567,80.102,20764.1641363784,7927989.72080114,4.64,4.83305014061212,4.45,86,36.0,1,414875,927.15,2020-07-12,47,9.97424844,2019-12-30,2020-03-25,109
Lithuania,2789533,67.679,35461.3590993235,6160471.21902123,8.32,8.75721817190872,7.88,60,81.5,1,82624,26.03,2020-04-04,122,25.12361391,2019-12-30,2020-02-28,36
Luxembourg,607728,90.981,113337.420494703,7510071.26149995,8.56,9.2638000028258,7.86,62,41.7,1,86276,2099.1,2020-04-03,168,348.92017189,2019-12-30,2020-03-01,33
Madagascar,26262368,37.191,1891.32066763688,8620110.2030864,6.32,6.50769994991033,6.14,82,41.9,1,269677,541.29,2020-07-12,435,9.54047538,2019-12-30,2020-03-21,113
Malawi,18143315,16.937,1310.99555499899,9123415.19734135,6.6,7.13271360913674,6.06,95,23.3,1,1001784,10.54,2020-07-12,192,6.56512147,2019-12-30,2020-04-03,100
Malaysia,31528585,76.036,31782.1533573136,3678054.30820342,6.52,5.698541637688,7.34,26,73.2,1,1347,60481.77,2020-04-06,179,7.37407061,2019-12-30,2020-01-25,72
Mali,19077690,42.356,2316.6551998375,10349786.6843465,6.03,6.14784151048608,5.91,87,25.5,1,465881,,2020-06-11,81,2.80292683,2019-12-30,2020-03-26,77
Malta,483530,94.612,42581.0978615749,7705713.74487524,8.37,8.77059281932955,7.97,69,32.9,1,104776,2576.9,2020-04-13,11,46.19508509,2019-12-30,2020-03-08,36
Mauritania,4403319,53.672,4150.96524599535,10677715.514987,5.47,4.8285732500246,6.11,76,39.5,1,153747,454.44,2020-06-26,447,56.94149278,2019-12-30,2020-03-15,103
Mauritius,1265303,40.793,23750.9880399871,7927008.77078651,7.52,6.97944798450719,8.07,81,42.3,1,241052,1745.29,2020-04-10,41,18.35122512,2019-12-30,2020-03-20,21
Mexico,126190788,80.156,19844.6456685975,12761324.8634246,6.65,6.37953252370011,6.93,61,71.2,1,84456,64569.64,2020-07-12,6094,64.64092342,2019-12-30,2020-02-29,134
Moldova,3545883,42.629,7271.64191879281,6120044.09591169,6.93,7.19791841370904,6.66,69,42.9,1,104776,1136.0,2020-06-25,364,117.65264547,2019-12-30,2020-03-08,109
Mongolia,3170208,68.445,13799.9048471337,1141836.64859544,7.61,7.7885099372976,7.43,71,77.3,1,113067,670.36,2020-05-29,18,3.6587263999999995,2019-12-30,2020-03-10,80
Montenegro,622345,66.813,20689.9867512224,6977421.69072058,7.43,8.02697807603512,6.84,79,55.4,1,193797,565.52,2020-07-12,87,111.70364941,2019-12-30,2020-03-18,116
Morocco,36029138,62.453,8611.70983312611,9822294.68442755,6.18,5.67815853106513,6.69,64,56.8,1,89882,8132.92,2020-07-06,393,11.61994733,2019-12-30,2020-03-03,125
Mozambique,29495962,35.988,1459.69841306972,9315083.55778459,6.24,6.88621430044677,5.6,84,29.3,1,336466,540.12,2020-06-16,26,1.16906902,2019-12-30,2020-03-23,85
Myanmar,53708395,30.579,6674.02864731957,1848397.3655123,5.44,5.25874160766579,5.63,78,59.2,1,179092,3407.79,2020-04-25,12,0.21463428,2019-12-30,2020-03-17,39
Namibia,2448255,50.032,11101.8262817533,11156276.3617925,6.75,6.9718123190752,6.53,76,46.0,1,153747,602.89,2020-07-12,0,21.92803116,2019-12-30,2020-03-15,119
Nepal,28087871,19.74,3089.55635218567,2081804.97157143,6.51,6.53478896607812,6.49,26,22.0,1,1347,3296.95,2020-06-30,476,24.59739978,2019-12-30,2020-01-25,157
Netherlands,17231017,91.49,56328.9411363302,7432850.64597609,8.5,9.28320119431493,7.72,60,86.0,1,82624,43996.04,2020-04-19,1140,86.57481127,2019-12-30,2020-02-28,51
New Zealand,4885500,86.538,41005.4208705895,11071536.4834705,8.88,9.26933229943284,8.5,60,36.7,1,82624,17249.05,2020-04-06,39,16.91385142,2019-12-30,2020-02-28,38
Nicaragua,6465513,58.522,5533.55106372852,14457774.6147824,6.86,6.7172169482688,7.01,80,39.9,1,211995,61.03,2020-06-05,0,16.6984875,2019-12-30,2020-03-19,78
Niger,22442948,16.425,1063.42184074385,9261429.76619898,5.87,5.91613232173248,5.83,82,44.4,1,269677,14.71,2020-04-15,22,2.35942958,2019-12-30,2020-03-21,25
Nigeria,195874740,50.344,5990.85043229634,9889816.49626111,6.38,5.89766701868781,6.86,60,44.6,1,82624,8169.19,2020-07-02,790,4.35352465,2019-12-30,2020-02-28,125
Macedonia,2082958,57.963,16358.6620491976,6851848.64403426,7.34,7.66243974016606,7.02,59,41.7,1,81363,86.87,2020-06-21,185,100.52322144,2019-12-30,2020-02-27,115
Norway,5314336,82.248,65510.5852742471,6208683.74387162,8.44,9.25962464036024,7.62,59,58.6,1,81363,12277.22,2020-04-05,302,67.26459082,2019-12-30,2020-02-27,38
Oman,4829483,84.539,41859.934476789,4935610.65208251,5.98,5.19833155245076,6.76,57,41.1,1,79410,10438.24,2020-07-12,1083,356.66389011,2019-12-30,2020-02-25,138
Pakistan,212215030,36.666,5567.05560794386,3277290.27347384,5.69,5.47181089613446,5.91,59,41.7,1,81363,6880.64,2020-06-20,6604,35.87047136,2019-12-30,2020-02-27,114
Panama,4176873,67.709,25553.6967088531,14998127.3558692,7.69,7.72463865534956,7.66,71,44.6,1,113067,12939.35,2020-07-12,1075,322.01090796,2019-12-30,2020-03-10,124
Papua New Guinea,8606316,13.169,4336.24465709437,6425499.37516532,6.6,6.84167136660279,6.36,82,31.8,1,269677,964.71,2020-04-30,0,0.06836735,2019-12-30,2020-03-21,40
Paraguay,6956071,61.585,13599.9265632594,17759627.3500171,6.9,6.77810528274612,7.03,69,34.6,1,104776,560.63,2020-07-08,46,15.33080687,2019-12-30,2020-03-08,122
Peru,31989256,77.907,14418.070667873,16963023.9911288,7.55,7.61269642489826,7.49,68,38.3,1,101122,17758.13,2020-06-08,4757,235.48111989,2019-12-30,2020-03-07,93
Philippines,106651922,46.907,8951.08565366152,3345564.70661504,6.88,6.44299746233217,7.32,31,63.6,1,7815,43080.12,2020-07-12,1308,17.961160500000002,2019-12-30,2020-01-30,164
Poland,37978548,60.058,31336.6034966686,6554245.45272549,7.78,8.32387978230488,7.24,65,61.7,1,92122,9277.54,2020-06-18,506,16.60661844,2019-12-30,2020-03-04,106
Portugal,10281762,65.211,33415.4379006894,9111056.08968597,8.27,9.01657667129864,7.52,64,50.5,1,89882,17367.96,2020-04-11,1516,109.02420514,2019-12-30,2020-03-03,39
Qatar,2781677,99.135,126898.425931605,5117748.16977587,6.15,5.23826730832533,7.07,62,32.7,1,86276,29178.92,2020-06-05,1581,885.92411702,2019-12-30,2020-03-01,96
Romania,19473936,53.998,28206.3570497561,6422258.72198512,8.11,8.5365258738327,7.68,59,42.8,1,81363,4908.23,2020-07-12,698,31.19839864,2019-12-30,2020-02-27,136
Russia,144478050,74.433,27588.1254398177,2870579.49744144,6.34,5.89988105621619,6.78,64,34.1,1,89882,99327.31,2020-05-16,10598,101.74107126,2019-12-30,2020-03-03,74
Rwanda,12301939,17.211,2251.55638843363,8713401.73363181,6.82,6.37769312449132,7.26,76,36.0,1,153747,1073.53,2020-07-12,47,3.33414166,2019-12-30,2020-03-15,119
Saudi Arabia,33699947,83.844,55335.6795892271,5774072.23434602,5.42,4.31647822871454,6.52,64,74.4,1,89882,39141.66,2020-06-23,3393,162.60400322,2019-12-30,2020-03-03,112
Senegal,15854360,47.192,3782.53861264405,11443238.9662225,6.57,6.97279888034145,6.17,64,35.1,1,89882,21.04,2020-07-03,129,9.68927912,2019-12-30,2020-03-03,122
Serbia,6982084,56.092,17434.916125391,6796232.99422646,7.3,7.71422199245695,6.89,68,46.2,1,101122,2262.7,2020-04-23,224,63.87350289,2019-12-30,2020-03-07,47
Seychelles,96762,56.691,30557.0757169393,7212932.15307802,7.16,7.15851310240027,7.16,76,33.4,1,153747,455.2,2020-07-12,0,91.05697711,2019-12-30,2020-03-15,119
Sierra Leone,7650154,42.055,1601.97402885788,11661882.8379584,5.99,6.27249362311096,5.71,93,45.8,1,847716,50.19,2020-05-27,19,5.32431817,2019-12-30,2020-04-01,56
Singapore,5638676,100.0,101531.630228067,3897577.85056707,8.11,7.50245192887453,8.71,25,64.5,1,896,40401.51,2020-05-02,932,207.62039735,2019-12-30,2020-01-24,99
Slovakia,5447011,53.726,33736.400937172,6689843.07254409,8.02,8.53528491249018,7.51,68,46.0,1,101122,7.92,2020-04-20,72,12.40271164,2019-12-30,2020-03-07,44
Slovenia,2067372,54.541,38048.7846591976,7130369.26777061,7.97,8.78384612812908,7.15,66,73.7,1,94366,1094.76,2020-04-05,43,28.54523122,2019-12-30,2020-03-05,31
South Africa,57779622,66.355,13686.8823613158,10964149.6597965,7.08,7.55235700840061,6.61,67,81.5,1,97277,23291.75,2020-07-12,13497,226.07226406,2019-12-30,2020-03-06,128
South Korea,51635256,81.459,40111.7757574615,2146565.9255909,8.2,8.81416477480431,7.59,21,92.1,1,239,88157.88,2020-03-10,131,12.92524843,2019-12-30,2020-01-20,50
Spain,46723749,80.321,39715.4390594866,8741360.08186022,8.12,8.6861161717898,7.55,33,83.0,1,11936,80672.1,2020-04-05,5533,217.55729907,2019-12-30,2020-02-01,64
Sri Lanka,21670000,18.476,13473.6630942698,3971847.4927606,6.41,6.24585116960426,6.57,29,43.0,1,4580,5882.38,2020-06-05,48,3.47969075,2019-12-30,2020-01-28,129
Sudan,41801533,34.642,4767.68982660282,7544969.3482824,4.32,3.96653441557575,4.67,75,7.0,1,141965,269.96,2020-05-31,279,6.62411955,2019-12-30,2020-03-14,78
Suriname,575991,66.06,15510.4646355856,15036425.7212201,7.48,8.30013357240247,6.65,76,36.7,1,153747,272.35,2020-07-12,15,60.20334971,2019-12-30,2020-03-15,119
Sweden,10183175,87.431,53208.8843603785,6323651.02718331,8.5,9.44597765949572,7.56,33,86.0,1,11936,11623.92,2020-06-26,1566,152.50946097,2019-12-30,2020-02-01,146
Switzerland,8516543,73.797,68060.9410452501,7539503.65156783,8.82,9.23693394326962,8.4,58,59.1,1,80272,28857.99,2020-04-04,1033,168.37678668,2019-12-30,2020-02-26,38
Thailand,69428524,49.949,19051.3333817112,2392656.13235641,6.55,6.2472972417345,6.86,14,81.0,1,60,76053.04,2020-04-03,104,2.38848994,2019-12-30,2020-01-13,81
Timor-Leste,1267972,30.578,7658.43499648981,5526746.47816851,6.76,7.52154508155728,5.99,83,25.7,1,303691,,2020-04-27,0,1.70131156,2019-12-30,2020-03-22,36
Togo,7889094,41.702,1773.89663170619,10583774.9386342,6.31,6.41041624236621,6.21,68,46.8,1,101122,566.29,2020-05-24,10,2.72197758,2019-12-30,2020-03-07,78
Tobago,1389858,53.184,32014.7831311708,14571177.8713879,6.62,6.53850194345348,6.7,74,14.7,1,132534,2525.13,2020-04-04,3,6.52344246,2019-12-30,2020-03-13,22
Tunisia,11565204,68.945,12502.8201886876,8187250.51792643,6.08,5.96897002499522,6.2,64,26.3,1,89882,4274.2,2020-04-07,21,4.14717033,2019-12-30,2020-03-03,35
Turkey,82319724,75.143,28068.8594133348,5902978.81775248,6.21,5.74023931859509,6.67,73,45.6,1,124464,115595.5,2020-04-22,4611,74.97449938,2019-12-30,2020-03-12,41
Uganda,42723139,23.774,2038.07389195994,8276651.34276376,6.61,5.82417605448186,7.39,83,50.3,1,303691,21.54,2020-06-09,30,0.95776814,2019-12-30,2020-03-22,79
Ukraine,44622516,69.352,9249.46213479507,5853700.99091845,6.26,6.56045178123176,5.96,65,36.5,1,92122,7854.84,2020-07-04,1790,28.85189572,2019-12-30,2020-03-04,122
United Arab Emirates,9630959,86.522,75075.2574109804,4911772.46023356,6.13,5.0872390644012,7.17,28,31.6,1,2815,95533.07,2020-05-28,883,118.55042399999999,2019-12-30,2020-01-27,122
UK,66488991,83.398,45973.5735044198,7765919.23651555,8.47,8.8497973721467,8.09,32,87.3,1,9817,165388.61,2020-04-22,4301,110.73548093,2019-12-30,2020-01-31,82
Tanzania,56318348,33.776,3240.26293721191,8585459.02200368,6.26,5.74813571252875,6.77,78,42.0,1,179092,1481.56,2020-04-30,174,0.67579844,2019-12-30,2020-03-17,44
USA,327167434,82.256,62794.5856522398,10196714.9719663,8.46,8.72004899385832,8.19,22,98.2,1,391,889022.0,2020-07-12,63051,224.07767036,2019-12-30,2020-01-21,173
Uruguay,3449299,95.334,23572.1774626679,18135343.8165274,7.74,8.42075401688034,7.05,76,33.5,1,153747,563.63,2020-03-31,29,8.52174822,2019-12-30,2020-03-15,16
Venezuela,28870195,88.208,18102.5,15058065.4963628,3.8,5.02701679925614,2.58,76,8.7,1,153747,2137.77,2020-07-12,375,14.19562447,2019-12-30,2020-03-15,119
Vietnam,95540395,35.919,7447.81433404948,2220676.42559354,6.29,6.31097335178539,6.27,25,57.4,1,896,47049.67,2020-04-02,21,0.16275821,2019-12-30,2020-01-24,69
Yemen,28498687,36.642,2575.12638534566,5972543.427751,4.3,2.75015021597511,5.84,102,9.0,1,1557188,336.31,2020-06-18,13,1.7111355,2019-12-30,2020-04-10,69
Zambia,17351822,43.521,4223.90693570847,9685536.8993264,6.49,6.13347837102269,6.84,80,21.9,1,211995,8.9,2020-05-23,54,4.21588134,2019-12-30,2020-03-19,65
Zimbabwe,14439018,32.209,3029.79300547992,9898131.09754964,5.65,5.6080239201755,5.69,82,65.6,1,269677,282.54,2020-07-12,40,2.83364013,2019-12-30,2020-03-21,113
